Mes;Energía total (kWh);Energía pico (kWh);Energía resto (kWh);Energía valle (kWh);Demanda máxima (kW);Potencia contratada (kW);Factor de potencia (cos φ);Recargos ($);Total factura ($);Producción (t);Intensidad (kWh/t);Observaciones
2025-10;52765;9129;37754;5882;134;200;0,88;;;182;290;EJEMPLO con datos ficticios de Talleres Brisco. Reemplazá todas las filas por los datos de tus facturas.
2025-11;54952;9421;39046;6485;138;200;0,87;;;195;282;
2025-12;48021;8515;33949;5557;129;200;0,89;;;160;300;
2026-01;44836;8077;31999;4760;126;200;0,89;;;150;299;Vacaciones: producción baja
2026-02;49410;8828;35357;5225;131;200;0,88;;;168;294;
2026-03;53530;9197;38638;5695;137;200;0,87;;;188;285;
2026-04;54655;10195;38257;6203;136;200;0,88;;;190;288;
2026-05;56357;9832;40468;6057;140;200;0,87;;;201;280;Demanda máxima del año
2026-06;53217;10056;36905;6256;135;200;0,88;;;185;288;
2026-07;50960;9067;35954;5939;133;200;0,89;;;176;290;
2026-08;53812;9198;37913;6701;137;200;0,88;;;187;288;
2026-09;51005;8966;35808;6231;132;200;0,88;;;178;287;
